,mean_fit_time,std_fit_time,mean_score_time,std_score_time,param_max_depth,param_max_features,param_max_leaf_nodes,param_n_estimators,params,split0_test_score,split1_test_score,split2_test_score,split3_test_score,split4_test_score,mean_test_score,std_test_score,rank_test_score,split0_train_score,split1_train_score,split2_train_score,split3_train_score,split4_train_score,mean_train_score,std_train_score
0,0.04647383689880371,0.05944362925628207,0.004212474822998047,0.0009750425465609709,3,sqrt,3,25,"{'max_depth': 3, 'max_features': 'sqrt', 'max_leaf_nodes': 3, 'n_estimators': 25}",0.8181818181818182,0.8311688311688312,0.8421052631578947,0.8289473684210527,0.7236842105263158,0.8088174982911825,0.0432394177003904,108,0.8327868852459016,0.8262295081967214,0.8235294117647058,0.826797385620915,0.7483660130718954,0.8115418407800279,0.03173231224355703
1,0.029863786697387696,0.002580330743317192,0.005491828918457032,0.00038878497714287116,3,sqrt,3,50,"{'max_depth': 3, 'max_features': 'sqrt', 'max_leaf_nodes': 3, 'n_estimators': 50}",0.8181818181818182,0.8311688311688312,0.8421052631578947,0.8289473684210527,0.8157894736842105,0.8272385509227614,0.009513065439620933,2,0.8295081967213115,0.8262295081967214,0.8235294117647058,0.826797385620915,0.8300653594771242,0.8272259723561556,0.0023711539339551237
2,0.05511116981506348,0.00252668774683515,0.008114051818847657,0.0001829836981901662,3,sqrt,3,100,"{'max_depth': 3, 'max_features': 'sqrt', 'max_leaf_nodes': 3, 'n_estimators': 100}",0.8181818181818182,0.8311688311688312,0.8421052631578947,0.8289473684210527,0.8157894736842105,0.8272385509227614,0.009513065439620933,2,0.8327868852459016,0.8262295081967214,0.8235294117647058,0.8300653594771242,0.8300653594771242,0.8285353048323154,0.0032598691376940344
3,0.07965002059936524,0.00415511958263564,0.011019325256347657,0.0002485307838185541,3,sqrt,3,150,"{'max_depth': 3, 'max_features': 'sqrt', 'max_leaf_nodes': 3, 'n_estimators': 150}",0.8181818181818182,0.8311688311688312,0.8421052631578947,0.8289473684210527,0.8157894736842105,0.8272385509227614,0.009513065439620933,2,0.8295081967213115,0.8295081967213115,0.8235294117647058,0.826797385620915,0.8300653594771242,0.8278817100610736,0.002456725562050952
4,0.019723939895629882,0.0034922996004292,0.004187250137329101,0.0006123082380240816,3,sqrt,6,25,"{'max_depth': 3, 'max_features': 'sqrt', 'max_leaf_nodes': 6, 'n_estimators': 25}",0.8181818181818182,0.8181818181818182,0.8421052631578947,0.8289473684210527,0.8157894736842105,0.8246411483253588,0.009852277646877487,59,0.8327868852459016,0.8295081967213115,0.826797385620915,0.826797385620915,0.8366013071895425,0.8304982320797171,0.003764522762460243
5,0.0315462589263916,0.00563086804218422,0.005614328384399414,0.0006576683811456231,3,sqrt,6,50,"{'max_depth': 3, 'max_features': 'sqrt', 'max_leaf_nodes': 6, 'n_estimators': 50}",0.8051948051948052,0.8311688311688312,0.8421052631578947,0.8289473684210527,0.8157894736842105,0.8246411483253588,0.01282701747722749,59,0.8327868852459016,0.8262295081967214,0.8235294117647058,0.826797385620915,0.8333333333333334,0.8285353048323154,0.003859871506259852
6,0.053065013885498044,0.0017236244860867086,0.008426618576049805,0.00042577092384000966,3,sqrt,6,100,"{'max_depth': 3, 'max_features': 'sqrt', 'max_leaf_nodes': 6, 'n_estimators': 100}",0.8181818181818182,0.8311688311688312,0.8421052631578947,0.8289473684210527,0.8157894736842105,0.8272385509227614,0.009513065439620933,2,0.8327868852459016,0.8262295081967214,0.8235294117647058,0.826797385620915,0.8300653594771242,0.8278817100610736,0.003214874781969921
7,0.0793306827545166,0.003067923410743684,0.011121320724487304,0.00024811058501940137,3,sqrt,6,150,"{'max_depth': 3, 'max_features': 'sqrt', 'max_leaf_nodes': 6, 'n_estimators': 150}",0.8181818181818182,0.8311688311688312,0.8421052631578947,0.8289473684210527,0.8157894736842105,0.8272385509227614,0.009513065439620933,2,0.8327868852459016,0.8262295081967214,0.8235294117647058,0.8300653594771242,0.8300653594771242,0.8285353048323154,0.0032598691376940344
8,0.016967058181762695,0.0018168816743717048,0.003984832763671875,0.0004911645078718413,3,sqrt,9,25,"{'max_depth': 3, 'max_features': 'sqrt', 'max_leaf_nodes': 9, 'n_estimators': 25}",0.8181818181818182,0.8311688311688312,0.8421052631578947,0.8289473684210527,0.8157894736842105,0.8272385509227614,0.009513065439620933,2,0.8327868852459016,0.8295081967213115,0.826797385620915,0.8300653594771242,0.8300653594771242,0.8298446373084752,0.0019054235535851804
9,0.02864975929260254,0.0008720331591214325,0.005388021469116211,0.00020580277385476856,3,sqrt,9,50,"{'max_depth': 3, 'max_features': 'sqrt', 'max_leaf_nodes': 9, 'n_estimators': 50}",0.8181818181818182,0.8311688311688312,0.8421052631578947,0.8289473684210527,0.8157894736842105,0.8272385509227614,0.009513065439620933,2,0.8327868852459016,0.8262295081967214,0.8235294117647058,0.8300653594771242,0.8300653594771242,0.8285353048323154,0.0032598691376940344
10,0.05593585968017578,0.0032380132483036013,0.008501005172729493,8.892756041631704e-05,3,sqrt,9,100,"{'max_depth': 3, 'max_features': 'sqrt', 'max_leaf_nodes': 9, 'n_estimators': 100}",0.8181818181818182,0.8311688311688312,0.8421052631578947,0.8289473684210527,0.8157894736842105,0.8272385509227614,0.009513065439620933,2,0.8327868852459016,0.8295081967213115,0.8235294117647058,0.8300653594771242,0.8333333333333334,0.8298446373084752,0.0034891777567860405
11,0.08053255081176758,0.0014994767711821822,0.011650991439819337,0.000766495974332057,3,sqrt,9,150,"{'max_depth': 3, 'max_features': 'sqrt', 'max_leaf_nodes': 9, 'n_estimators': 150}",0.8181818181818182,0.8311688311688312,0.8421052631578947,0.8289473684210527,0.8157894736842105,0.8272385509227614,0.009513065439620933,2,0.8327868852459016,0.8295081967213115,0.8235294117647058,0.826797385620915,0.8300653594771242,0.8285374477659916,0.0031446089577509538
12,0.016370630264282225,0.0011114425632077554,0.003574514389038086,7.048930670519355e-05,3,log2,3,25,"{'max_depth': 3, 'max_features': 'log2', 'max_leaf_nodes': 3, 'n_estimators': 25}",0.8051948051948052,0.8311688311688312,0.8421052631578947,0.8289473684210527,0.8026315789473685,0.8220095693779905,0.01545383349383678,102,0.8262295081967214,0.8262295081967214,0.8235294117647058,0.826797385620915,0.826797385620915,0.8259166398799958,0.001220332525334531
13,0.027121543884277344,0.00122019574677564,0.005064630508422851,0.00020188570122537655,3,log2,3,50,"{'max_depth': 3, 'max_features': 'log2', 'max_leaf_nodes': 3, 'n_estimators': 50}",0.8181818181818182,0.8311688311688312,0.8421052631578947,0.8289473684210527,0.8157894736842105,0.8272385509227614,0.009513065439620933,2,0.8295081967213115,0.8262295081967214,0.8235294117647058,0.826797385620915,0.8300653594771242,0.8272259723561556,0.0023711539339551237
14,0.050945186614990236,0.0022598268724550253,0.007971811294555663,0.00015874362336340428,3,log2,3,100,"{'max_depth': 3, 'max_features': 'log2', 'max_leaf_nodes': 3, 'n_estimators': 100}",0.7792207792207793,0.8311688311688312,0.8421052631578947,0.8289473684210527,0.8157894736842105,0.8194463431305536,0.02178339528260295,103,0.8163934426229508,0.8295081967213115,0.8235294117647058,0.826797385620915,0.8300653594771242,0.8252587592414014,0.005002259035635412
15,0.07304921150207519,0.004147050614546689,0.0107635498046875,0.00024595954880783524,3,log2,3,150,"{'max_depth': 3, 'max_features': 'log2', 'max_leaf_nodes': 3, 'n_estimators': 150}",0.8181818181818182,0.8311688311688312,0.8421052631578947,0.8289473684210527,0.8157894736842105,0.8272385509227614,0.009513065439620933,2,0.8295081967213115,0.8262295081967214,0.8235294117647058,0.826797385620915,0.8300653594771242,0.8272259723561556,0.0023711539339551237
16,0.015917348861694335,0.0008351954859777171,0.0035778045654296874,0.00013348141330748157,3,log2,6,25,"{'max_depth': 3, 'max_features': 'log2', 'max_leaf_nodes': 6, 'n_estimators': 25}",0.8181818181818182,0.8181818181818182,0.8421052631578947,0.8289473684210527,0.8157894736842105,0.8246411483253588,0.009852277646877487,59,0.8295081967213115,0.8262295081967214,0.8235294117647058,0.8300653594771242,0.8333333333333334,0.8285331618986392,0.003367025509514019
17,0.026155614852905275,0.0007526827130245394,0.0051113605499267575,9.972779849212342e-05,3,log2,6,50,"{'max_depth': 3, 'max_features': 'log2', 'max_leaf_nodes': 6, 'n_estimators': 50}",0.8181818181818182,0.8311688311688312,0.8421052631578947,0.8289473684210527,0.8157894736842105,0.8272385509227614,0.009513065439620933,2,0.8295081967213115,0.8262295081967214,0.8235294117647058,0.8300653594771242,0.8333333333333334,0.8285331618986392,0.003367025509514019
18,0.04915018081665039,0.0009370919693141885,0.00826435089111328,0.0002636079157359961,3,log2,6,100,"{'max_depth': 3, 'max_features': 'log2', 'max_leaf_nodes': 6, 'n_estimators': 100}",0.8181818181818182,0.8311688311688312,0.8421052631578947,0.8289473684210527,0.8157894736842105,0.8272385509227614,0.009513065439620933,2,0.8327868852459016,0.8262295081967214,0.8235294117647058,0.826797385620915,0.8300653594771242,0.8278817100610736,0.003214874781969921
19,0.08026423454284667,0.0021363885088771257,0.011554145812988281,0.00029803789484152864,3,log2,6,150,"{'max_depth': 3, 'max_features': 'log2', 'max_leaf_nodes': 6, 'n_estimators': 150}",0.8181818181818182,0.8311688311688312,0.8421052631578947,0.8289473684210527,0.8157894736842105,0.8272385509227614,0.009513065439620933,2,0.8295081967213115,0.8295081967213115,0.8235294117647058,0.8300653594771242,0.8333333333333334,0.8291888996035572,0.0031679083555999016
20,0.018543720245361328,0.0008706730787772388,0.004107952117919922,0.0005321199953704199,3,log2,9,25,"{'max_depth': 3, 'max_features': 'log2', 'max_leaf_nodes': 9, 'n_estimators': 25}",0.8181818181818182,0.8311688311688312,0.8421052631578947,0.8289473684210527,0.7368421052631579,0.8114490772385509,0.03806938584334144,107,0.8327868852459016,0.8295081967213115,0.8235294117647058,0.826797385620915,0.8104575163398693,0.8246158791385406,0.007708420475857148
21,0.033073139190673825,0.008742023512026516,0.005822277069091797,0.0005871032913272666,3,log2,9,50,"{'max_depth': 3, 'max_features': 'log2', 'max_leaf_nodes': 9, 'n_estimators': 50}",0.8181818181818182,0.8181818181818182,0.8421052631578947,0.8289473684210527,0.8157894736842105,0.8246411483253588,0.009852277646877487,59,0.8295081967213115,0.839344262295082,0.8235294117647058,0.8300653594771242,0.8333333333333334,0.8311561127183115,0.005174128338186078
22,0.052537393569946286,0.0035401079392361114,0.008384609222412109,0.00015776967160024743,3,log2,9,100,"{'max_depth': 3, 'max_features': 'log2', 'max_leaf_nodes': 9, 'n_estimators': 100}",0.8181818181818182,0.8311688311688312,0.8421052631578947,0.8289473684210527,0.8157894736842105,0.8272385509227614,0.009513065439620933,2,0.8327868852459016,0.8295081967213115,0.8235294117647058,0.8300653594771242,0.8300653594771242,0.8291910425372334,0.0030533127841461537
23,0.07915315628051758,0.007840743013075115,0.011312437057495118,0.0004593939460562627,3,log2,9,150,"{'max_depth': 3, 'max_features': 'log2', 'max_leaf_nodes': 9, 'n_estimators': 150}",0.8181818181818182,0.8311688311688312,0.8421052631578947,0.8289473684210527,0.8157894736842105,0.8272385509227614,0.009513065439620933,2,0.8327868852459016,0.8262295081967214,0.8235294117647058,0.8300653594771242,0.8333333333333334,0.8291888996035572,0.003786233316370143
24,0.019094276428222656,0.0006145697247294346,0.0039100170135498045,0.0001678419654357549,3,,3,25,"{'max_depth': 3, 'max_features': None, 'max_leaf_nodes': 3, 'n_estimators': 25}",0.8181818181818182,0.8311688311688312,0.8421052631578947,0.8289473684210527,0.8157894736842105,0.8272385509227614,0.009513065439620933,2,0.8295081967213115,0.8262295081967214,0.8235294117647058,0.826797385620915,0.8300653594771242,0.8272259723561556,0.0023711539339551237
25,0.03043341636657715,0.0022696269579719954,0.005520963668823242,0.0003026956721675122,3,,3,50,"{'max_depth': 3, 'max_features': None, 'max_leaf_nodes': 3, 'n_estimators': 50}",0.8181818181818182,0.8311688311688312,0.8421052631578947,0.8289473684210527,0.8157894736842105,0.8272385509227614,0.009513065439620933,2,0.8295081967213115,0.8262295081967214,0.8235294117647058,0.826797385620915,0.8300653594771242,0.8272259723561556,0.0023711539339551237
26,0.05406656265258789,0.0023331815450770435,0.00841522216796875,0.000653157312012945,3,,3,100,"{'max_depth': 3, 'max_features': None, 'max_leaf_nodes': 3, 'n_estimators': 100}",0.8181818181818182,0.8311688311688312,0.8421052631578947,0.8289473684210527,0.8157894736842105,0.8272385509227614,0.009513065439620933,2,0.8295081967213115,0.8262295081967214,0.8235294117647058,0.826797385620915,0.8300653594771242,0.8272259723561556,0.0023711539339551237
27,0.0883512020111084,0.0017607799170280582,0.0157958984375,0.008896851016179768,3,,3,150,"{'max_depth': 3, 'max_features': None, 'max_leaf_nodes': 3, 'n_estimators': 150}",0.8181818181818182,0.8311688311688312,0.8421052631578947,0.8289473684210527,0.8157894736842105,0.8272385509227614,0.009513065439620933,2,0.8295081967213115,0.8262295081967214,0.8235294117647058,0.826797385620915,0.8300653594771242,0.8272259723561556,0.0023711539339551237
28,0.01940908432006836,0.001639899589524526,0.0038925647735595704,0.00028482216707910804,3,,6,25,"{'max_depth': 3, 'max_features': None, 'max_leaf_nodes': 6, 'n_estimators': 25}",0.8181818181818182,0.8311688311688312,0.8421052631578947,0.8289473684210527,0.8157894736842105,0.8272385509227614,0.009513065439620933,2,0.8327868852459016,0.8295081967213115,0.8235294117647058,0.8300653594771242,0.8300653594771242,0.8291910425372334,0.0030533127841461537
29,0.03149261474609375,0.0008151177258880309,0.005623388290405274,0.00020924396900164337,3,,6,50,"{'max_depth': 3, 'max_features': None, 'max_leaf_nodes': 6, 'n_estimators': 50}",0.8181818181818182,0.8181818181818182,0.8421052631578947,0.8289473684210527,0.8157894736842105,0.8246411483253588,0.009852277646877487,59,0.8327868852459016,0.839344262295082,0.8235294117647058,0.826797385620915,0.8300653594771242,0.8305046608807457,0.005402556376817156
30,0.06080951690673828,0.0012381389475502867,0.008885812759399415,0.0003651137916818595,3,,6,100,"{'max_depth': 3, 'max_features': None, 'max_leaf_nodes': 6, 'n_estimators': 100}",0.8181818181818182,0.8181818181818182,0.8421052631578947,0.8289473684210527,0.8157894736842105,0.8246411483253588,0.009852277646877487,59,0.8327868852459016,0.839344262295082,0.8235294117647058,0.8300653594771242,0.8333333333333334,0.8318118504232295,0.005131312746567298
31,0.08973746299743653,0.0016622823156407919,0.011347389221191407,0.00015559260040583567,3,,6,150,"{'max_depth': 3, 'max_features': None, 'max_leaf_nodes': 6, 'n_estimators': 150}",0.8181818181818182,0.8181818181818182,0.8421052631578947,0.8289473684210527,0.8157894736842105,0.8246411483253588,0.009852277646877487,59,0.8327868852459016,0.839344262295082,0.8235294117647058,0.826797385620915,0.8333333333333334,0.8311582556519875,0.005506551525578774
32,0.01956038475036621,0.0015442841049915427,0.004110813140869141,0.0004057114255769146,3,,9,25,"{'max_depth': 3, 'max_features': None, 'max_leaf_nodes': 9, 'n_estimators': 25}",0.8181818181818182,0.8311688311688312,0.8421052631578947,0.8289473684210527,0.8157894736842105,0.8272385509227614,0.009513065439620933,2,0.839344262295082,0.8295081967213115,0.826797385620915,0.8300653594771242,0.8300653594771242,0.8311561127183115,0.00426941232022944
33,0.03153219223022461,0.0012377179237717541,0.005698347091674804,0.00018022032480461748,3,,9,50,"{'max_depth': 3, 'max_features': None, 'max_leaf_nodes': 9, 'n_estimators': 50}",0.8051948051948052,0.8311688311688312,0.8421052631578947,0.8289473684210527,0.8157894736842105,0.8246411483253588,0.01282701747722749,59,0.8360655737704918,0.8295081967213115,0.826797385620915,0.8333333333333334,0.8300653594771242,0.8311539697846353,0.0032170466625287236
34,0.06079082489013672,0.0022646371205699155,0.008545875549316406,0.00034086680157139227,3,,9,100,"{'max_depth': 3, 'max_features': None, 'max_leaf_nodes': 9, 'n_estimators': 100}",0.8181818181818182,0.8181818181818182,0.8421052631578947,0.8289473684210527,0.8157894736842105,0.8246411483253588,0.009852277646877487,59,0.8327868852459016,0.839344262295082,0.826797385620915,0.8300653594771242,0.8333333333333334,0.8324654451944713,0.004148782689220816
35,0.08767480850219726,0.0007632151105710146,0.011596584320068359,0.0002108548680520701,3,,9,150,"{'max_depth': 3, 'max_features': None, 'max_leaf_nodes': 9, 'n_estimators': 150}",0.8181818181818182,0.8181818181818182,0.8421052631578947,0.8289473684210527,0.8157894736842105,0.8246411483253588,0.009852277646877487,59,0.8360655737704918,0.839344262295082,0.826797385620915,0.8300653594771242,0.8333333333333334,0.8331211828993894,0.004399309749968789
36,0.017690181732177734,0.0011417746817080267,0.003920650482177735,0.00025911256588578233,6,sqrt,3,25,"{'max_depth': 6, 'max_features': 'sqrt', 'max_leaf_nodes': 3, 'n_estimators': 25}",0.8181818181818182,0.8311688311688312,0.8421052631578947,0.7631578947368421,0.8157894736842105,0.8140806561859193,0.02716708133288889,106,0.8295081967213115,0.8262295081967214,0.8235294117647058,0.7908496732026143,0.826797385620915,0.8193828351012536,0.014392434580581565
37,0.03058457374572754,0.0014933115229255394,0.005517435073852539,0.00032187657512348043,6,sqrt,3,50,"{'max_depth': 6, 'max_features': 'sqrt', 'max_leaf_nodes': 3, 'n_estimators': 50}",0.8181818181818182,0.8311688311688312,0.8421052631578947,0.8289473684210527,0.8157894736842105,0.8272385509227614,0.009513065439620933,2,0.8327868852459016,0.8262295081967214,0.8235294117647058,0.826797385620915,0.8300653594771242,0.8278817100610736,0.003214874781969921
38,0.056465864181518555,0.0034332909445735716,0.038195466995239256,0.06012386515534905,6,sqrt,3,100,"{'max_depth': 6, 'max_features': 'sqrt', 'max_leaf_nodes': 3, 'n_estimators': 100}",0.8051948051948052,0.8311688311688312,0.8421052631578947,0.8289473684210527,0.8157894736842105,0.8246411483253588,0.01282701747722749,59,0.8295081967213115,0.8295081967213115,0.8235294117647058,0.8300653594771242,0.8300653594771242,0.8285353048323154,0.0025153185520681996
39,0.07842497825622559,0.004437642139792756,0.010982513427734375,0.0002454076148464677,6,sqrt,3,150,"{'max_depth': 6, 'max_features': 'sqrt', 'max_leaf_nodes': 3, 'n_estimators': 150}",0.8181818181818182,0.8311688311688312,0.8421052631578947,0.8289473684210527,0.8157894736842105,0.8272385509227614,0.009513065439620933,2,0.8295081967213115,0.8262295081967214,0.8235294117647058,0.826797385620915,0.8300653594771242,0.8272259723561556,0.0023711539339551237
40,0.015683889389038086,0.0004428003153248276,0.0036728382110595703,0.00020749622496341077,6,sqrt,6,25,"{'max_depth': 6, 'max_features': 'sqrt', 'max_leaf_nodes': 6, 'n_estimators': 25}",0.8181818181818182,0.8181818181818182,0.8421052631578947,0.8289473684210527,0.8157894736842105,0.8246411483253588,0.009852277646877487,59,0.8295081967213115,0.8426229508196721,0.8300653594771242,0.826797385620915,0.8333333333333334,0.8324654451944712,0.00548745441274123
41,0.026102542877197266,0.00081358181746642,0.005121946334838867,0.00011821455781129125,6,sqrt,6,50,"{'max_depth': 6, 'max_features': 'sqrt', 'max_leaf_nodes': 6, 'n_estimators': 50}",0.8181818181818182,0.8311688311688312,0.8421052631578947,0.8289473684210527,0.8157894736842105,0.8272385509227614,0.009513065439620933,2,0.8327868852459016,0.8295081967213115,0.8235294117647058,0.826797385620915,0.8300653594771242,0.8285374477659916,0.0031446089577509538
42,0.04880213737487793,0.001066819910564282,0.008130884170532227,0.00021660458995273384,6,sqrt,6,100,"{'max_depth': 6, 'max_features': 'sqrt', 'max_leaf_nodes': 6, 'n_estimators': 100}",0.8181818181818182,0.8311688311688312,0.8421052631578947,0.8289473684210527,0.8157894736842105,0.8272385509227614,0.009513065439620933,2,0.8295081967213115,0.8327868852459016,0.8235294117647058,0.826797385620915,0.8300653594771242,0.8285374477659916,0.0031446089577509538
43,0.07655305862426758,0.004977960571209828,0.011243629455566406,0.0004789973300003994,6,sqrt,6,150,"{'max_depth': 6, 'max_features': 'sqrt', 'max_leaf_nodes': 6, 'n_estimators': 150}",0.8181818181818182,0.8311688311688312,0.8421052631578947,0.8289473684210527,0.8157894736842105,0.8272385509227614,0.009513065439620933,2,0.8295081967213115,0.8262295081967214,0.8235294117647058,0.826797385620915,0.8300653594771242,0.8272259723561556,0.0023711539339551237
44,0.01660304069519043,0.0007117300303141295,0.0037690162658691405,0.00024364734526994048,6,sqrt,9,25,"{'max_depth': 6, 'max_features': 'sqrt', 'max_leaf_nodes': 9, 'n_estimators': 25}",0.8181818181818182,0.8311688311688312,0.8421052631578947,0.8289473684210527,0.8157894736842105,0.8272385509227614,0.009513065439620933,2,0.8295081967213115,0.8360655737704918,0.8300653594771242,0.8300653594771242,0.8431372549019608,0.8337683488696026,0.005265487625977811
45,0.027149295806884764,0.00042514437352606416,0.005146169662475586,6.180766114038696e-05,6,sqrt,9,50,"{'max_depth': 6, 'max_features': 'sqrt', 'max_leaf_nodes': 9, 'n_estimators': 50}",0.8181818181818182,0.8311688311688312,0.8421052631578947,0.8289473684210527,0.8157894736842105,0.8272385509227614,0.009513065439620933,2,0.8295081967213115,0.8360655737704918,0.8235294117647058,0.826797385620915,0.8300653594771242,0.8291931854709096,0.004145065259837303
46,0.051718282699584964,0.0039571367342634825,0.008481025695800781,0.0007187802104722953,6,sqrt,9,100,"{'max_depth': 6, 'max_features': 'sqrt', 'max_leaf_nodes': 9, 'n_estimators': 100}",0.8181818181818182,0.8181818181818182,0.8421052631578947,0.8289473684210527,0.8157894736842105,0.8246411483253588,0.009852277646877487,59,0.8327868852459016,0.8360655737704918,0.8235294117647058,0.826797385620915,0.8333333333333334,0.8305025179470695,0.004615878143678155
47,0.07443032264709473,0.0017082611138368531,0.011251688003540039,0.0002664321380966354,6,sqrt,9,150,"{'max_depth': 6, 'max_features': 'sqrt', 'max_leaf_nodes': 9, 'n_estimators': 150}",0.8181818181818182,0.8311688311688312,0.8421052631578947,0.8289473684210527,0.8157894736842105,0.8272385509227614,0.009513065439620933,2,0.8327868852459016,0.8295081967213115,0.826797385620915,0.826797385620915,0.8333333333333334,0.8298446373084752,0.002811138589344873
48,0.016507577896118165,0.0002731232085518259,0.003526782989501953,5.4738662753522706e-05,6,log2,3,25,"{'max_depth': 6, 'max_features': 'log2', 'max_leaf_nodes': 3, 'n_estimators': 25}",0.8181818181818182,0.8181818181818182,0.8421052631578947,0.8289473684210527,0.8157894736842105,0.8246411483253588,0.009852277646877487,59,0.8327868852459016,0.8262295081967214,0.8235294117647058,0.826797385620915,0.8300653594771242,0.8278817100610736,0.003214874781969921
49,0.028951168060302734,0.001915804258003315,0.005368709564208984,0.00025484459205247004,6,log2,3,50,"{'max_depth': 6, 'max_features': 'log2', 'max_leaf_nodes': 3, 'n_estimators': 50}",0.8181818181818182,0.8311688311688312,0.8421052631578947,0.7763157894736842,0.8157894736842105,0.8167122351332876,0.022310011322951406,105,0.8327868852459016,0.8262295081967214,0.8235294117647058,0.8006535947712419,0.8300653594771242,0.822652951891139,0.01144702618207265
50,0.053000593185424806,0.0025655621720177325,0.008354854583740235,0.0005160072635991175,6,log2,3,100,"{'max_depth': 6, 'max_features': 'log2', 'max_leaf_nodes': 3, 'n_estimators': 100}",0.8181818181818182,0.8311688311688312,0.8421052631578947,0.8289473684210527,0.8157894736842105,0.8272385509227614,0.009513065439620933,2,0.8295081967213115,0.8262295081967214,0.8235294117647058,0.826797385620915,0.8300653594771242,0.8272259723561556,0.0023711539339551237
51,0.08312525749206542,0.0017889096292153107,0.011313724517822265,0.0001515404993427104,6,log2,3,150,"{'max_depth': 6, 'max_features': 'log2', 'max_leaf_nodes': 3, 'n_estimators': 150}",0.8181818181818182,0.8311688311688312,0.8421052631578947,0.8289473684210527,0.8157894736842105,0.8272385509227614,0.009513065439620933,2,0.8295081967213115,0.8262295081967214,0.8235294117647058,0.826797385620915,0.8300653594771242,0.8272259723561556,0.0023711539339551237
52,0.01873917579650879,0.0018942832394632412,0.0040057659149169925,0.00033503216683915797,6,log2,6,25,"{'max_depth': 6, 'max_features': 'log2', 'max_leaf_nodes': 6, 'n_estimators': 25}",0.8181818181818182,0.8311688311688312,0.8421052631578947,0.8289473684210527,0.8157894736842105,0.8272385509227614,0.009513065439620933,2,0.8327868852459016,0.8262295081967214,0.8235294117647058,0.8300653594771242,0.8300653594771242,0.8285353048323154,0.0032598691376940344
53,0.030594635009765624,0.0011843163941048938,0.005610370635986328,0.00036156023369802304,6,log2,6,50,"{'max_depth': 6, 'max_features': 'log2', 'max_leaf_nodes': 6, 'n_estimators': 50}",0.8181818181818182,0.8311688311688312,0.8421052631578947,0.8289473684210527,0.8157894736842105,0.8272385509227614,0.009513065439620933,2,0.8327868852459016,0.8262295081967214,0.8235294117647058,0.826797385620915,0.8300653594771242,0.8278817100610736,0.003214874781969921
54,0.05202479362487793,0.003204057967942349,0.008251380920410157,0.0003737881256649396,6,log2,6,100,"{'max_depth': 6, 'max_features': 'log2', 'max_leaf_nodes': 6, 'n_estimators': 100}",0.8181818181818182,0.8311688311688312,0.8421052631578947,0.8289473684210527,0.8157894736842105,0.8272385509227614,0.009513065439620933,2,0.8295081967213115,0.8262295081967214,0.8235294117647058,0.8300653594771242,0.8300653594771242,0.8278795671273974,0.002602089810159492
55,0.08702940940856933,0.0013769054977269231,0.011872196197509765,0.00023079039636404147,6,log2,6,150,"{'max_depth': 6, 'max_features': 'log2', 'max_leaf_nodes': 6, 'n_estimators': 150}",0.8181818181818182,0.8311688311688312,0.8421052631578947,0.8289473684210527,0.8157894736842105,0.8272385509227614,0.009513065439620933,2,0.8327868852459016,0.8295081967213115,0.8235294117647058,0.826797385620915,0.8300653594771242,0.8285374477659916,0.0031446089577509538
56,0.01722745895385742,0.0019572084597394906,0.0038132667541503906,0.00021562874710535291,6,log2,9,25,"{'max_depth': 6, 'max_features': 'log2', 'max_leaf_nodes': 9, 'n_estimators': 25}",0.8181818181818182,0.8181818181818182,0.8421052631578947,0.8289473684210527,0.8157894736842105,0.8246411483253588,0.009852277646877487,59,0.8295081967213115,0.8295081967213115,0.826797385620915,0.826797385620915,0.8333333333333334,0.8291888996035572,0.002400787808102386
57,0.027883195877075197,0.001323121389998187,0.005429553985595703,0.00018214994699230323,6,log2,9,50,"{'max_depth': 6, 'max_features': 'log2', 'max_leaf_nodes': 9, 'n_estimators': 50}",0.8181818181818182,0.8311688311688312,0.8421052631578947,0.8289473684210527,0.8157894736842105,0.8272385509227614,0.009513065439620933,2,0.8327868852459016,0.8327868852459016,0.826797385620915,0.826797385620915,0.8333333333333334,0.8305003750133932,0.00303005517477362
58,0.0544640064239502,0.0064888013674186925,0.008792400360107422,0.0005209118267551366,6,log2,9,100,"{'max_depth': 6, 'max_features': 'log2', 'max_leaf_nodes': 9, 'n_estimators': 100}",0.8181818181818182,0.8311688311688312,0.8421052631578947,0.8289473684210527,0.8157894736842105,0.8272385509227614,0.009513065439620933,2,0.8327868852459016,0.8262295081967214,0.826797385620915,0.826797385620915,0.8333333333333334,0.8291888996035572,0.003172333758614412
59,0.07679905891418456,0.0049557412187233064,0.011474990844726562,0.0004422230994873531,6,log2,9,150,"{'max_depth': 6, 'max_features': 'log2', 'max_leaf_nodes': 9, 'n_estimators': 150}",0.8181818181818182,0.8181818181818182,0.8421052631578947,0.8289473684210527,0.8157894736842105,0.8246411483253588,0.009852277646877487,59,0.8295081967213115,0.8360655737704918,0.8235294117647058,0.826797385620915,0.8333333333333334,0.8298467802421514,0.004475534297537944
60,0.016732215881347656,0.0007186172806723275,0.0035772323608398438,7.343431570539478e-05,6,,3,25,"{'max_depth': 6, 'max_features': None, 'max_leaf_nodes': 3, 'n_estimators': 25}",0.8181818181818182,0.8311688311688312,0.8421052631578947,0.8289473684210527,0.8157894736842105,0.8272385509227614,0.009513065439620933,2,0.8295081967213115,0.8262295081967214,0.8235294117647058,0.826797385620915,0.8300653594771242,0.8272259723561556,0.0023711539339551237
61,0.02838726043701172,0.0013296689562825074,0.0050066947937011715,9.55224684319086e-05,6,,3,50,"{'max_depth': 6, 'max_features': None, 'max_leaf_nodes': 3, 'n_estimators': 50}",0.8181818181818182,0.8311688311688312,0.8421052631578947,0.8289473684210527,0.8157894736842105,0.8272385509227614,0.009513065439620933,2,0.8295081967213115,0.8262295081967214,0.8235294117647058,0.826797385620915,0.8300653594771242,0.8272259723561556,0.0023711539339551237
62,0.05813841819763184,0.003173307449330351,0.008332920074462891,0.000318578020773473,6,,3,100,"{'max_depth': 6, 'max_features': None, 'max_leaf_nodes': 3, 'n_estimators': 100}",0.8181818181818182,0.8311688311688312,0.8421052631578947,0.8289473684210527,0.8157894736842105,0.8272385509227614,0.009513065439620933,2,0.8295081967213115,0.8262295081967214,0.8235294117647058,0.826797385620915,0.8300653594771242,0.8272259723561556,0.0023711539339551237
63,0.07968840599060059,0.004443969625706953,0.011104106903076172,0.0006180983707067145,6,,3,150,"{'max_depth': 6, 'max_features': None, 'max_leaf_nodes': 3, 'n_estimators': 150}",0.8181818181818182,0.8311688311688312,0.8421052631578947,0.8289473684210527,0.8157894736842105,0.8272385509227614,0.009513065439620933,2,0.8295081967213115,0.8262295081967214,0.8235294117647058,0.826797385620915,0.8300653594771242,0.8272259723561556,0.0023711539339551237
64,0.017318916320800782,0.0008428775902975174,0.0038711071014404298,0.00021316512235158914,6,,6,25,"{'max_depth': 6, 'max_features': None, 'max_leaf_nodes': 6, 'n_estimators': 25}",0.8181818181818182,0.8181818181818182,0.8421052631578947,0.8289473684210527,0.8157894736842105,0.8246411483253588,0.009852277646877487,59,0.8327868852459016,0.8360655737704918,0.8300653594771242,0.826797385620915,0.8300653594771242,0.8311561127183114,0.0031029087655140004
65,0.027920055389404296,0.0013384771075161113,0.005171680450439453,0.00011095085688276475,6,,6,50,"{'max_depth': 6, 'max_features': None, 'max_leaf_nodes': 6, 'n_estimators': 50}",0.8181818181818182,0.8181818181818182,0.8421052631578947,0.8289473684210527,0.8157894736842105,0.8246411483253588,0.009852277646877487,59,0.8295081967213115,0.8360655737704918,0.8300653594771242,0.826797385620915,0.8300653594771242,0.8305003750133932,0.0030346816124162818
66,0.05306496620178223,0.0017272383505067038,0.007969427108764648,0.00018317483293468908,6,,6,100,"{'max_depth': 6, 'max_features': None, 'max_leaf_nodes': 6, 'n_estimators': 100}",0.8181818181818182,0.8181818181818182,0.8421052631578947,0.8289473684210527,0.8157894736842105,0.8246411483253588,0.009852277646877487,59,0.8327868852459016,0.8327868852459016,0.8235294117647058,0.826797385620915,0.8300653594771242,0.8291931854709096,0.003589101089659944
67,0.07603774070739747,0.0006395652327061208,0.01077117919921875,0.0001066611926545337,6,,6,150,"{'max_depth': 6, 'max_features': None, 'max_leaf_nodes': 6, 'n_estimators': 150}",0.8181818181818182,0.8181818181818182,0.8421052631578947,0.8289473684210527,0.8157894736842105,0.8246411483253588,0.009852277646877487,59,0.8327868852459016,0.839344262295082,0.8235294117647058,0.826797385620915,0.8300653594771242,0.8305046608807457,0.005402556376817156
68,0.017107677459716798,0.0008953050013741776,0.003705406188964844,8.667866065066925e-05,6,,9,25,"{'max_depth': 6, 'max_features': None, 'max_leaf_nodes': 9, 'n_estimators': 25}",0.8051948051948052,0.8181818181818182,0.8421052631578947,0.8289473684210527,0.8157894736842105,0.8220437457279562,0.012554215930426063,93,0.8491803278688524,0.8360655737704918,0.8398692810457516,0.8366013071895425,0.8464052287581699,0.8416243437265617,0.005275619822055255
69,0.02823300361633301,0.0008835266718321265,0.005159425735473633,0.00012055641051439833,6,,9,50,"{'max_depth': 6, 'max_features': None, 'max_leaf_nodes': 9, 'n_estimators': 50}",0.8051948051948052,0.8181818181818182,0.8421052631578947,0.8289473684210527,0.8157894736842105,0.8220437457279562,0.012554215930426063,93,0.8459016393442623,0.8426229508196721,0.8366013071895425,0.8300653594771242,0.8464052287581699,0.8403192971177542,0.006204427697833872
70,0.05314846038818359,0.0009386490515769538,0.008035802841186523,0.00019124681193217008,6,,9,100,"{'max_depth': 6, 'max_features': None, 'max_leaf_nodes': 9, 'n_estimators': 100}",0.8051948051948052,0.8181818181818182,0.8421052631578947,0.8289473684210527,0.8157894736842105,0.8220437457279562,0.012554215930426063,93,0.8360655737704918,0.8426229508196721,0.8300653594771242,0.8300653594771242,0.8398692810457516,0.8357377049180329,0.005078090901344366
71,0.0768435001373291,0.0014606508255342492,0.010978603363037109,0.00015669500241883482,6,,9,150,"{'max_depth': 6, 'max_features': None, 'max_leaf_nodes': 9, 'n_estimators': 150}",0.8181818181818182,0.8181818181818182,0.8421052631578947,0.8289473684210527,0.8157894736842105,0.8246411483253588,0.009852277646877487,59,0.8360655737704918,0.8426229508196721,0.8431372549019608,0.8300653594771242,0.8431372549019608,0.839005678774242,0.0052114878147495386
72,0.016418838500976564,0.0013798374334258675,0.003444051742553711,0.00015268520887702376,9,sqrt,3,25,"{'max_depth': 9, 'max_features': 'sqrt', 'max_leaf_nodes': 3, 'n_estimators': 25}",0.8051948051948052,0.8311688311688312,0.8421052631578947,0.8289473684210527,0.8157894736842105,0.8246411483253588,0.01282701747722749,59,0.8295081967213115,0.8262295081967214,0.8235294117647058,0.826797385620915,0.8300653594771242,0.8272259723561556,0.0023711539339551237
73,0.02769927978515625,0.001301665829770299,0.005301570892333985,0.0001837190886377869,9,sqrt,3,50,"{'max_depth': 9, 'max_features': 'sqrt', 'max_leaf_nodes': 3, 'n_estimators': 50}",0.7792207792207793,0.8311688311688312,0.8421052631578947,0.8289473684210527,0.8157894736842105,0.8194463431305536,0.02178339528260295,103,0.7934426229508197,0.8262295081967214,0.8235294117647058,0.8300653594771242,0.8300653594771242,0.8206664523732992,0.013834449208322544
74,0.05401520729064942,0.0015571047083728466,0.008338022232055663,0.00043995114694523853,9,sqrt,3,100,"{'max_depth': 9, 'max_features': 'sqrt', 'max_leaf_nodes': 3, 'n_estimators': 100}",0.8181818181818182,0.8311688311688312,0.8421052631578947,0.8289473684210527,0.8157894736842105,0.8272385509227614,0.009513065439620933,2,0.8295081967213115,0.8262295081967214,0.8235294117647058,0.8300653594771242,0.8333333333333334,0.8285331618986392,0.003367025509514019
75,0.0724818229675293,0.0022863813250960556,0.010618829727172851,0.0002657774401553833,9,sqrt,3,150,"{'max_depth': 9, 'max_features': 'sqrt', 'max_leaf_nodes': 3, 'n_estimators': 150}",0.8181818181818182,0.8311688311688312,0.8421052631578947,0.8289473684210527,0.8157894736842105,0.8272385509227614,0.009513065439620933,2,0.8295081967213115,0.8262295081967214,0.8235294117647058,0.826797385620915,0.8300653594771242,0.8272259723561556,0.0023711539339551237
76,0.015711021423339844,0.0007500912588312079,0.003570222854614258,0.00014237167796706736,9,sqrt,6,25,"{'max_depth': 9, 'max_features': 'sqrt', 'max_leaf_nodes': 6, 'n_estimators': 25}",0.8051948051948052,0.8311688311688312,0.8421052631578947,0.8289473684210527,0.8157894736842105,0.8246411483253588,0.01282701747722749,59,0.8327868852459016,0.8327868852459016,0.8235294117647058,0.826797385620915,0.8333333333333334,0.8298467802421514,0.003966167907681998
77,0.026488828659057616,0.0010892408791621248,0.00515294075012207,0.00011943243123201841,9,sqrt,6,50,"{'max_depth': 9, 'max_features': 'sqrt', 'max_leaf_nodes': 6, 'n_estimators': 50}",0.8181818181818182,0.8311688311688312,0.8421052631578947,0.8289473684210527,0.8157894736842105,0.8272385509227614,0.009513065439620933,2,0.8295081967213115,0.8360655737704918,0.8235294117647058,0.8300653594771242,0.8300653594771242,0.8298467802421516,0.00396970351518747
78,0.04921741485595703,0.0009690853129819972,0.00809164047241211,0.00020156716054563046,9,sqrt,6,100,"{'max_depth': 9, 'max_features': 'sqrt', 'max_leaf_nodes': 6, 'n_estimators': 100}",0.8181818181818182,0.8311688311688312,0.8421052631578947,0.8289473684210527,0.8157894736842105,0.8272385509227614,0.009513065439620933,2,0.8295081967213115,0.8262295081967214,0.8235294117647058,0.826797385620915,0.8300653594771242,0.8272259723561556,0.0023711539339551237
79,0.07226400375366211,0.0007153805846291048,0.010888624191284179,8.376529290177341e-05,9,sqrt,6,150,"{'max_depth': 9, 'max_features': 'sqrt', 'max_leaf_nodes': 6, 'n_estimators': 150}",0.8181818181818182,0.8311688311688312,0.8421052631578947,0.8289473684210527,0.8157894736842105,0.8272385509227614,0.009513065439620933,2,0.8327868852459016,0.8262295081967214,0.8235294117647058,0.826797385620915,0.8300653594771242,0.8278817100610736,0.003214874781969921
80,0.0160614013671875,0.00043427891761335576,0.0035879135131835936,5.902685499500532e-05,9,sqrt,9,25,"{'max_depth': 9, 'max_features': 'sqrt', 'max_leaf_nodes': 9, 'n_estimators': 25}",0.8181818181818182,0.8181818181818182,0.8421052631578947,0.8289473684210527,0.8157894736842105,0.8246411483253588,0.009852277646877487,59,0.8327868852459016,0.8360655737704918,0.8333333333333334,0.8300653594771242,0.8300653594771242,0.8324633022607951,0.002251145452098721
81,0.026076889038085936,0.0006225443315683835,0.005211496353149414,0.0001088702461412928,9,sqrt,9,50,"{'max_depth': 9, 'max_features': 'sqrt', 'max_leaf_nodes': 9, 'n_estimators': 50}",0.8181818181818182,0.8181818181818182,0.8421052631578947,0.8289473684210527,0.8157894736842105,0.8246411483253588,0.009852277646877487,59,0.8327868852459016,0.8295081967213115,0.8300653594771242,0.826797385620915,0.8300653594771242,0.8298446373084752,0.0019054235535851804
82,0.04887714385986328,0.0009215580801182653,0.008380270004272461,0.00033083347599821117,9,sqrt,9,100,"{'max_depth': 9, 'max_features': 'sqrt', 'max_leaf_nodes': 9, 'n_estimators': 100}",0.8181818181818182,0.8181818181818182,0.8421052631578947,0.8289473684210527,0.8157894736842105,0.8246411483253588,0.009852277646877487,59,0.8295081967213115,0.8360655737704918,0.8235294117647058,0.826797385620915,0.8333333333333334,0.8298467802421514,0.004475534297537944
83,0.07245440483093261,0.0013368644988469719,0.0110504150390625,0.00014283668017904527,9,sqrt,9,150,"{'max_depth': 9, 'max_features': 'sqrt', 'max_leaf_nodes': 9, 'n_estimators': 150}",0.8181818181818182,0.8311688311688312,0.8421052631578947,0.8289473684210527,0.8157894736842105,0.8272385509227614,0.009513065439620933,2,0.8327868852459016,0.8360655737704918,0.8235294117647058,0.826797385620915,0.8366013071895425,0.8311561127183114,0.005168702719918243
84,0.01593613624572754,0.00031617557852961015,0.003597927093505859,0.00015484301254537752,9,log2,3,25,"{'max_depth': 9, 'max_features': 'log2', 'max_leaf_nodes': 3, 'n_estimators': 25}",0.8181818181818182,0.8311688311688312,0.8552631578947368,0.8289473684210527,0.8157894736842105,0.8298701298701298,0.014015887376565337,1,0.8327868852459016,0.8262295081967214,0.7973856209150327,0.8300653594771242,0.8300653594771242,0.8233065466623808,0.013127665570987402
85,0.02572031021118164,0.0011189025159053037,0.005001497268676758,9.769419402340115e-05,9,log2,3,50,"{'max_depth': 9, 'max_features': 'log2', 'max_leaf_nodes': 3, 'n_estimators': 50}",0.8181818181818182,0.8311688311688312,0.8421052631578947,0.8157894736842105,0.8157894736842105,0.824606971975393,0.010450142045764034,92,0.8295081967213115,0.8262295081967214,0.8235294117647058,0.8235294117647058,0.8300653594771242,0.8265723775849138,0.0028091563816995324
86,0.04885344505310059,0.0004609688762314599,0.0077899456024169925,0.00020781023992901213,9,log2,3,100,"{'max_depth': 9, 'max_features': 'log2', 'max_leaf_nodes': 3, 'n_estimators': 100}",0.7922077922077922,0.8311688311688312,0.8421052631578947,0.8289473684210527,0.8157894736842105,0.8220437457279562,0.01710375229847646,93,0.8295081967213115,0.8262295081967214,0.8235294117647058,0.826797385620915,0.8300653594771242,0.8272259723561556,0.0023711539339551237
87,0.08264212608337403,0.026925353192830032,0.010694789886474609,0.0002725269075157257,9,log2,3,150,"{'max_depth': 9, 'max_features': 'log2', 'max_leaf_nodes': 3, 'n_estimators': 150}",0.8181818181818182,0.8311688311688312,0.8421052631578947,0.8289473684210527,0.8157894736842105,0.8272385509227614,0.009513065439620933,2,0.8327868852459016,0.8262295081967214,0.8235294117647058,0.826797385620915,0.8300653594771242,0.8278817100610736,0.003214874781969921
88,0.016864442825317384,0.0007774797124831756,0.0035236358642578127,0.000127857586596931,9,log2,6,25,"{'max_depth': 9, 'max_features': 'log2', 'max_leaf_nodes': 6, 'n_estimators': 25}",0.8181818181818182,0.8181818181818182,0.8421052631578947,0.8289473684210527,0.8157894736842105,0.8246411483253588,0.009852277646877487,59,0.8295081967213115,0.8262295081967214,0.8235294117647058,0.8300653594771242,0.8300653594771242,0.8278795671273974,0.002602089810159492
89,0.025838088989257813,0.0007194875524271283,0.005097150802612305,0.00016048535275695478,9,log2,6,50,"{'max_depth': 9, 'max_features': 'log2', 'max_leaf_nodes': 6, 'n_estimators': 50}",0.8181818181818182,0.8311688311688312,0.8421052631578947,0.8289473684210527,0.8157894736842105,0.8272385509227614,0.009513065439620933,2,0.8295081967213115,0.8327868852459016,0.8235294117647058,0.826797385620915,0.8333333333333334,0.8291910425372334,0.003687082885938017
90,0.048815584182739256,0.0009798281543237466,0.007967805862426758,7.966429224746421e-05,9,log2,6,100,"{'max_depth': 9, 'max_features': 'log2', 'max_leaf_nodes': 6, 'n_estimators': 100}",0.8181818181818182,0.8181818181818182,0.8421052631578947,0.8289473684210527,0.8157894736842105,0.8246411483253588,0.009852277646877487,59,0.8295081967213115,0.8262295081967214,0.8235294117647058,0.826797385620915,0.8300653594771242,0.8272259723561556,0.0023711539339551237
91,0.07183690071105957,0.00137843436613992,0.010809612274169923,0.0002561831496381843,9,log2,6,150,"{'max_depth': 9, 'max_features': 'log2', 'max_leaf_nodes': 6, 'n_estimators': 150}",0.8181818181818182,0.8311688311688312,0.8421052631578947,0.8289473684210527,0.8157894736842105,0.8272385509227614,0.009513065439620933,2,0.8295081967213115,0.8262295081967214,0.8235294117647058,0.826797385620915,0.8300653594771242,0.8272259723561556,0.0023711539339551237
92,0.016880369186401366,0.0011251181113303666,0.0036366462707519533,4.1912711366050804e-05,9,log2,9,25,"{'max_depth': 9, 'max_features': 'log2', 'max_leaf_nodes': 9, 'n_estimators': 25}",0.8051948051948052,0.8181818181818182,0.8421052631578947,0.8289473684210527,0.8157894736842105,0.8220437457279562,0.012554215930426063,93,0.8295081967213115,0.8360655737704918,0.8300653594771242,0.826797385620915,0.8333333333333334,0.8311539697846351,0.0032170466625287236
93,0.02638072967529297,0.0006378845557062723,0.005321407318115234,0.00015363435725321872,9,log2,9,50,"{'max_depth': 9, 'max_features': 'log2', 'max_leaf_nodes': 9, 'n_estimators': 50}",0.8181818181818182,0.8311688311688312,0.8421052631578947,0.8289473684210527,0.8157894736842105,0.8272385509227614,0.009513065439620933,2,0.8327868852459016,0.8360655737704918,0.8235294117647058,0.826797385620915,0.8366013071895425,0.8311561127183114,0.005168702719918243
94,0.04906520843505859,0.0009733649077534751,0.008194160461425782,0.0002582347015277189,9,log2,9,100,"{'max_depth': 9, 'max_features': 'log2', 'max_leaf_nodes': 9, 'n_estimators': 100}",0.8181818181818182,0.8311688311688312,0.8421052631578947,0.8289473684210527,0.8157894736842105,0.8272385509227614,0.009513065439620933,2,0.8327868852459016,0.8360655737704918,0.8235294117647058,0.826797385620915,0.8300653594771242,0.8298489231758277,0.004394845078912156
95,0.07211890220642089,0.0010077180137872015,0.011020374298095704,0.00011588383047045438,9,log2,9,150,"{'max_depth': 9, 'max_features': 'log2', 'max_leaf_nodes': 9, 'n_estimators': 150}",0.8181818181818182,0.8311688311688312,0.8421052631578947,0.8289473684210527,0.8157894736842105,0.8272385509227614,0.009513065439620933,2,0.8295081967213115,0.8327868852459016,0.8235294117647058,0.826797385620915,0.8333333333333334,0.8291910425372334,0.003687082885938017
96,0.016965246200561522,0.000629769516377209,0.0034777641296386717,3.05962294100817e-05,9,,3,25,"{'max_depth': 9, 'max_features': None, 'max_leaf_nodes': 3, 'n_estimators': 25}",0.8181818181818182,0.8311688311688312,0.8421052631578947,0.8289473684210527,0.8157894736842105,0.8272385509227614,0.009513065439620933,2,0.8295081967213115,0.8262295081967214,0.8235294117647058,0.826797385620915,0.8300653594771242,0.8272259723561556,0.0023711539339551237
97,0.027092361450195314,0.000409888860623364,0.005106973648071289,0.00018213334414525007,9,,3,50,"{'max_depth': 9, 'max_features': None, 'max_leaf_nodes': 3, 'n_estimators': 50}",0.8181818181818182,0.8181818181818182,0.8421052631578947,0.8289473684210527,0.8157894736842105,0.8246411483253588,0.009852277646877487,59,0.8295081967213115,0.8262295081967214,0.8235294117647058,0.826797385620915,0.8300653594771242,0.8272259723561556,0.0023711539339551237
98,0.05071721076965332,0.0008337515723798327,0.007837152481079102,0.0002480146263801901,9,,3,100,"{'max_depth': 9, 'max_features': None, 'max_leaf_nodes': 3, 'n_estimators': 100}",0.8181818181818182,0.8311688311688312,0.8421052631578947,0.8289473684210527,0.8157894736842105,0.8272385509227614,0.009513065439620933,2,0.8295081967213115,0.8262295081967214,0.8235294117647058,0.826797385620915,0.8300653594771242,0.8272259723561556,0.0023711539339551237
99,0.07394051551818848,0.0012604892239078504,0.010453176498413087,0.00020312061856360365,9,,3,150,"{'max_depth': 9, 'max_features': None, 'max_leaf_nodes': 3, 'n_estimators': 150}",0.8181818181818182,0.8311688311688312,0.8421052631578947,0.8289473684210527,0.8157894736842105,0.8272385509227614,0.009513065439620933,2,0.8295081967213115,0.8262295081967214,0.8235294117647058,0.826797385620915,0.8300653594771242,0.8272259723561556,0.0023711539339551237
100,0.017107200622558594,0.0005241336997456077,0.003592967987060547,0.00012255763220576083,9,,6,25,"{'max_depth': 9, 'max_features': None, 'max_leaf_nodes': 6, 'n_estimators': 25}",0.8181818181818182,0.8181818181818182,0.8421052631578947,0.8289473684210527,0.8157894736842105,0.8246411483253588,0.009852277646877487,59,0.8327868852459016,0.8360655737704918,0.826797385620915,0.826797385620915,0.8300653594771242,0.8305025179470695,0.003572479326377188
101,0.027470159530639648,0.0006255333223546778,0.005175065994262695,0.00015123944205977757,9,,6,50,"{'max_depth': 9, 'max_features': None, 'max_leaf_nodes': 6, 'n_estimators': 50}",0.8051948051948052,0.8181818181818182,0.8421052631578947,0.8289473684210527,0.8157894736842105,0.8220437457279562,0.012554215930426063,93,0.8327868852459016,0.8295081967213115,0.8235294117647058,0.826797385620915,0.8300653594771242,0.8285374477659916,0.0031446089577509538
102,0.05216817855834961,0.0005477425426729069,0.007983589172363281,9.154001783429348e-05,9,,6,100,"{'max_depth': 9, 'max_features': None, 'max_leaf_nodes': 6, 'n_estimators': 100}",0.8181818181818182,0.8181818181818182,0.8421052631578947,0.8289473684210527,0.8157894736842105,0.8246411483253588,0.009852277646877487,59,0.8295081967213115,0.8360655737704918,0.826797385620915,0.826797385620915,0.8333333333333334,0.8305003750133932,0.0036716690671524605
103,0.07685608863830566,0.0025799722278079355,0.010893630981445312,0.00021248445896687292,9,,6,150,"{'max_depth': 9, 'max_features': None, 'max_leaf_nodes': 6, 'n_estimators': 150}",0.8181818181818182,0.8181818181818182,0.8421052631578947,0.8289473684210527,0.8157894736842105,0.8246411483253588,0.009852277646877487,59,0.8295081967213115,0.8360655737704918,0.8235294117647058,0.826797385620915,0.8300653594771242,0.8291931854709096,0.004145065259837303
104,0.01686372756958008,0.0005718286113526248,0.003686046600341797,0.00010618678528528498,9,,9,25,"{'max_depth': 9, 'max_features': None, 'max_leaf_nodes': 9, 'n_estimators': 25}",0.8051948051948052,0.8181818181818182,0.8421052631578947,0.8289473684210527,0.8157894736842105,0.8220437457279562,0.012554215930426063,93,0.8426229508196721,0.8459016393442623,0.8398692810457516,0.8300653594771242,0.8464052287581699,0.840972891888996,0.00594504415495872
105,0.027891778945922853,0.0008284334124744511,0.005151796340942383,5.1808395640275176e-05,9,,9,50,"{'max_depth': 9, 'max_features': None, 'max_leaf_nodes': 9, 'n_estimators': 50}",0.8181818181818182,0.8181818181818182,0.8421052631578947,0.8289473684210527,0.8157894736842105,0.8246411483253588,0.009852277646877487,59,0.8327868852459016,0.8426229508196721,0.8398692810457516,0.8333333333333334,0.8529411764705882,0.8403107253830495,0.007353390027357503
106,0.05310478210449219,0.0012231004874131272,0.008013725280761719,8.445969331234639e-05,9,,9,100,"{'max_depth': 9, 'max_features': None, 'max_leaf_nodes': 9, 'n_estimators': 100}",0.8051948051948052,0.8181818181818182,0.8421052631578947,0.8289473684210527,0.8157894736842105,0.8220437457279562,0.012554215930426063,93,0.8327868852459016,0.8360655737704918,0.826797385620915,0.8300653594771242,0.8496732026143791,0.8350776813457624,0.00791125258252284
107,0.07783918380737305,0.0018342736406215102,0.010979413986206055,0.0001616368951187887,9,,9,150,"{'max_depth': 9, 'max_features': None, 'max_leaf_nodes': 9, 'n_estimators': 150}",0.8051948051948052,0.8181818181818182,0.8421052631578947,0.8289473684210527,0.8157894736842105,0.8220437457279562,0.012554215930426063,93,0.8360655737704918,0.8426229508196721,0.826797385620915,0.826797385620915,0.8431372549019608,0.8350841101467908,0.007210965770532586
